Player Name,Team,Nationality,Role,Style,batting_hand,bowling_style,Runs_Scored,Matches_Played,Innings,Highest_Score,NotOut,Batting_Average,Balls_Faced,Strike_Rate,Centuries,Half_Centuries,Fours,Sixes,Boundary_Percentage,Bowling_Economy,Wickets_Taken,Unique_Player_ID,Base_Price_In_Crores,Sold_Price_In_Crores,Wicket_Keeper,catches ,Stumpings,Total_Dismissals,D/M_Ratio,Team_Win_percentage,Team_Chase_Win_percentage,Team_Defend_Win_percentage,Team_Home_Win_Percentage,Team_Away_Win_Percentage,Batting_Impact_Score,Bowling_Impact_Score,All_Rounder_Value_Index,Cost_Efficiency_Ratio,Consistency_Score,Performance_Tier
Abdul Samad,LSG,Indian,Pure Batsman,"Right-hand bat, Occasional Leg-spin",Right-hand,NULL,164,13,12,45,FALSE,20.5,93,176.34,0,0,8,14,23.66,0,0,100,0.3,4.2,FALSE,0,0,0,0,42.86,50,40,28.57,57.14,125.07,0,125.07,29.78,30.86,Low
Abhinav Manohar,SRH,Indian,Pure Batsman,Right-hand bat,Right-hand,NULL,61,8,5,43,FALSE,12.2,61,100,0,0,2,4,9.84,0,0,101,0.3,3.2,FALSE,0,0,0,0,42.86,60,37.5,40,33.33,68.3,0,68.3,21.34,39.5,Low
Abhishek Sharma,SRH,Indian,All-rounder,"Left-hand bat, Slow Left-arm Orthodox",Left-hand,Slow left-arm orthodox,439,14,13,141,FALSE,33.77,227,193.39,1,2,46,28,32.6,0,0,102,0,14,FALSE,0,0,0,0,42.86,60,37.5,40,33.33,174.37,0,174.37,12.45,39.5,Mid
Abishek Porel,DC,Indian,Pure Batsman,"Left-hand bat, Wicket-keeper",Left-hand,NULL,301,13,13,51,FALSE,25.08,205,146.82,0,1,28,12,19.51,0,0,103,0,3.2,TRUE,0,0,0,0,50,62.5,40,42.86,60,128.59,0,128.59,32.15,42.29,Low
Adam Zampa,SRH,Overseas,Pure Bowler,Right-arm Leg-break,Right-hand,Legbreak,0,2,0,0,FALSE,0,0,0,0,0,0,0,0,11.75,2,104,2,11,FALSE,0,0,0,0,42.86,60,37.5,40,33.33,0,24.51,24.51,10.21,39.5,Mid
Aiden Markram,LSG,Overseas,All-rounder,"Right-hand bat, Right-arm Off-spin",Right-hand,Offbreak,445,13,13,66,FALSE,34.23,299,148.82,0,5,38,22,20.07,9.27,4,105,2,16.5,FALSE,0,0,0,0,42.86,50,40,28.57,57.14,153.14,42.79,195.93,97.96,30.86,Mid
Ajinkya Rahane,KKR,Indian,Pure Batsman,Right-hand bat,Right-hand,NULL,390,13,12,61,FALSE,35.45,264,147.72,0,3,36,20,21.21,0,0,106,1.5,3.4,FALSE,0,0,0,0,35.71,33.33,50,33.33,60,148.31,0,148.31,98.87,36.66,Low
Akash Deep,LSG,Indian,Pure Bowler,Right-arm Medium-fast,Right-hand,Right-arm fast,6,6,2,6,TRUE,6,2,300,0,0,0,1,50,12.05,3,107,1,8,FALSE,0,0,0,0,42.86,50,40,28.57,57.14,156.6,32.3,188.9,23.61,30.86,Low
Akash Madhwal,RR,Indian,Pure Bowler,Right-arm Medium-fast,Right-hand,Right-arm fast,4,4,1,4,TRUE,0,9,44.44,0,0,0,0,0,11.06,4,108,0.3,4.4,FALSE,0,0,0,0,28.57,20,50,28.57,16.67,22.62,41.04,63.66,53.05,32.86,Low
Akash Singh,LSG,Indian,Pure Bowler,Left-arm Medium-fast,Left-hand,Left-arm fast,0,0,0,0,FALSE,0,0,0,0,0,0,0,0,8.86,4,109,0.3,0,FALSE,0,0,0,0,0,0,0,0,0,0,0,0,0,0,Low
Andre Russell,KKR,Overseas,All-rounder,"Right-hand bat, Right-arm Fast",Right-hand,Right-arm fast,167,13,10,57,TRUE,18.56,102,163.72,0,1,16,14,29.41,11.94,8,110,0,12,FALSE,0,0,0,0,35.71,33.33,50,33.33,60,117.12,72.38,189.5,15.79,36.66,Mid
Angkrish Raghuvanshi,KKR,Indian,Pure Batsman,Right-hand bat,Left-hand,NULL,300,12,11,50,FALSE,33.33,215,139.53,0,1,30,8,17.67,0,0,111,0.3,0.2,FALSE,0,0,0,0,35.71,33.33,50,33.33,60,133.09,0,133.09,44.37,36.66,Low
Aniket Verma,SRH,Indian,Pure Batsman,Right-hand bat,Right-hand,NULL,236,14,12,74,FALSE,26.22,142,166.19,0,1,12,20,22.54,0,0,112,0.3,0,FALSE,0,0,0,0,42.86,60,37.5,40,33.33,132.91,0,132.91,443.05,39.5,Low
Anrich Nortje,KKR,Overseas,Pure Bowler,Right-arm Fast,Right-hand,Right-arm fast,0,2,0,0,FALSE,0,0,0,0,0,0,0,0,11.85,1,113,2,6.5,FALSE,0,0,0,0,35.71,33.33,50,33.33,60,0,16.44,16.44,2.53,36.66,Mid
Anshul Kamboj,CSK,Indian,All-rounder,Right-arm Medium,Right-hand,Right-arm medium,14,8,5,5,TRUE,7,12,116.66,0,0,2,0,16.67,8,8,114,0.3,0,FALSE,0,0,0,0,28.57,37.5,16.67,16.67,42.86,66.73,76.5,143.23,42.13,16.67,Low
Anukul Roy,KKR,Indian,All-rounder,"Left-hand bat, Slow Left-arm Orthodox",Left-hand,Slow left-arm orthodox,0,1,0,0,FALSE,0,0,0,0,0,0,0,0,6.75,1,115,0.3,0,FALSE,0,0,0,0,35.71,33.33,50,33.33,60,0,22.81,22.81,57.04,36.66,Low
Arshdeep Singh,PBKS,Indian,Pure Bowler,Left-arm Medium-fast,Left-hand,Left-arm fast,2,17,2,1,TRUE,2,6,33.33,0,0,0,0,0,8.88,21,116,2,18,FALSE,0,0,0,0,58.82,71.43,55.56,50,83.33,18.86,179.26,198.13,11.01,51.11,High
Ashutosh Sharma,DC,Indian,Pure Batsman,Right-hand bat,Right-hand,NULL,204,13,9,66,TRUE,29.14,127,160.62,0,1,14,13,21.26,0,0,117,0.3,5,FALSE,0,0,0,0,50,62.5,40,42.86,60,129.85,0,129.85,34.17,42.29,Low
Ashwani Kumar,MI,Indian,Pure Bowler,Right-arm Medium,Right-hand,Right-arm medium,0,7,0,0,FALSE,0,0,0,0,0,0,0,0,11.31,11,118,0.3,0,FALSE,0,0,0,0,56.25,57.14,55.56,71.43,50,0,96.84,96.84,322.81,68.26,Low
Atharva Taide,SRH,Indian,Pure Batsman,Left-hand bat,Left-hand,NULL,13,1,1,13,FALSE,13,9,144.44,0,0,3,0,33.33,0,0,119,0.3,0,FALSE,0,0,0,0,42.86,60,37.5,40,33.33,86.52,0,86.52,288.4,39.5,Low
Avesh Khan,LSG,Indian,Pure Bowler,Right-arm Fast,Right-hand,Right-arm fast,21,13,4,19,TRUE,21,12,175,0,0,3,1,33.33,10.28,13,120,2,10,FALSE,0,0,0,0,42.86,50,40,28.57,57.14,110.6,113.73,224.33,23.01,30.86,Mid
Axar Patel,DC,Indian,All-rounder,"Left-hand bat, Slow Left-arm Orthodox",Left-hand,Slow left-arm orthodox,263,12,11,43,FALSE,26.3,167,157.48,0,0,23,15,22.75,8.47,5,121,0,16.5,FALSE,0,0,0,0,50,62.5,40,42.86,60,131.34,51.81,183.15,11.1,42.29,Mid
Ayush Badoni,LSG,Indian,Pure Batsman,"Right-hand bat, Occasional Off-spin",Right-hand,NULL,329,14,11,74,FALSE,32.9,222,148.19,0,2,27,14,18.47,7.8,2,122,0,4,FALSE,0,0,0,0,42.86,50,40,28.57,57.14,139.9,28.82,168.72,42.18,30.86,Low
Ayush Mhatre,CSK,Indian,Pure Batsman,Left-hand bat,Right-hand,NULL,240,7,7,94,FALSE,34.29,127,188.97,0,1,31,11,33.07,0,0,123,0.3,0,FALSE,0,0,0,0,0,0,0,0,0,152.78,0,152.78,509.25,0,Low
Azmatullah Omarzai,PBKS,Overseas,All-rounder,"Right-hand bat, Right-arm Fast-medium",Right-hand,Right-arm medium,57,9,5,21,TRUE,14.25,41,139.02,0,0,6,3,21.95,10.33,8,124,1.5,6,FALSE,0,0,0,0,58.82,71.43,55.56,50,83.33,89.46,73.68,163.14,67.98,51.11,Low
Bhuvneshwar Kumar,RCB,Indian,Pure Bowler,"Right-hand bat, Right-arm Medium-fast",Right-hand,Right-arm medium,14,14,6,8,FALSE,4.67,25,56,0,0,1,0,4,9.28,17,125,2,4.2,FALSE,0,0,0,0,68.75,85.71,62.5,40,100,34.07,146.78,180.85,16.82,44.5,Low
Corbin Bosch,MI,Overseas,All-rounder,"Right-hand bat, Right-arm Fast-medium",Right-hand,Right-arm fast,47,2,2,27,FALSE,23.5,32,146.87,0,0,3,3,18.75,7.85,1,126,0.3,0,FALSE,0,0,0,0,0,0,0,0,0,101.64,20.74,122.37,407.91,0,Low
David Miller,LSG,Overseas,Pure Batsman,Left-hand bat,Left-hand,NULL,153,11,11,27,TRUE,30.6,120,127.5,0,0,13,4,14.17,0,0,127,1.5,7.5,FALSE,0,0,0,0,42.86,50,40,28.57,57.14,109.65,0,109.65,14.62,30.86,Mid
Deepak Chahar,MI,Indian,All-rounder,"Right-hand bat, Right-arm Medium",Right-hand,Right-arm medium,37,14,4,28,TRUE,37,25,148,0,0,3,2,20,9.17,11,128,2,14,FALSE,0,0,0,0,56.25,57.14,55.56,71.43,50,114.7,98.91,213.61,23.09,68.26,Mid
Deepak Hooda,CSK,Indian,All-rounder,"Right-hand bat, Right-arm Off-spin",Right-hand,Offbreak,31,7,5,22,FALSE,6.2,41,75.6,0,0,2,1,7.32,0,0,129,0.75,0,FALSE,0,0,0,0,28.57,37.5,16.67,16.67,42.86,47.1,0,47.1,27.71,16.67,Low
Devdutt Padikkal,RCB,Indian,Pure Batsman,Left-hand bat,Left-hand,NULL,247,10,10,61,FALSE,27.44,164,150.6,0,2,21,14,21.34,0,0,130,2,7.75,FALSE,0,0,0,0,68.75,85.71,62.5,40,100,127.44,0,127.44,63.72,44.5,Mid
Devon Conway,CSK,Overseas,Pure Batsman,"Left-hand bat, Wicket-keeper",Left-hand,NULL,156,6,6,69,FALSE,26,119,131.09,0,2,17,4,17.65,0,0,131,2,12,FALSE,0,0,0,0,28.57,37.5,16.67,16.67,42.86,107.14,0,107.14,17.14,16.67,Mid
Dewald Brevis,CSK,Overseas,Pure Batsman,"Right-hand bat, Leg-spin",Right-hand,NULL,225,6,6,57,FALSE,37.5,125,180,0,2,13,17,24,0,0,132,0.75,3,FALSE,0,0,0,0,0,0,0,0,0,150,0,150,200,0,Low
Dhruv Jurel,RR,Indian,Pure Batsman,"Right-hand bat, Wicket-keeper",Right-hand,NULL,333,14,13,70,FALSE,37,213,156.33,0,2,22,22,20.66,0,0,133,0,5.2,TRUE,4,0,4,0.5,28.57,20,50,28.57,16.67,148.47,0,148.47,10.6,32.86,Low
Digvesh Singh,LSG,Indian,Pure Bowler,Right-arm Fast-medium,Right-hand,Right-arm medium,1,13,2,1,FALSE,1,3,33.33,0,0,0,0,0,8.25,14,134,0.3,0,FALSE,0,0,0,0,42.86,50,40,28.57,57.14,17.77,124.12,141.89,472.95,30.86,Low
Donovan Ferreira,DC,Overseas,Pure Batsman,"Right-hand bat, Wicket-keeper",Right-hand,NULL,1,1,1,1,FALSE,1,3,33.33,0,0,0,0,0,0,0,135,0.75,0.5,FALSE,0,0,0,0,50,62.5,40,42.86,60,17.77,0,17.77,23.69,42.29,Low
Dushmantha Chameera,DC,Overseas,Pure Bowler,Right-arm Fast,Right-hand,Right-arm fast,10,6,3,8,TRUE,0,14,71.42,0,0,0,0,0,11.4,4,136,0.75,0,FALSE,0,0,0,0,50,62.5,40,42.86,60,36.71,40.77,77.48,103.31,42.29,Low
Eshan Malinga,SRH,Overseas,Pure Bowler,Right-arm Medium-fast,Right-hand,Right-arm fast,0,7,0,0,FALSE,0,0,0,0,0,0,0,0,8.92,13,137,0.3,0,FALSE,0,0,0,0,42.86,60,37.5,40,33.33,0,115.21,115.21,96.01,39.5,Low
Faf Du Plessis,DC,Overseas,Pure Batsman,Right-hand bat,Right-hand,NULL,202,9,9,62,FALSE,22.44,163,123.92,0,2,18,8,15.95,0,0,138,2,7,FALSE,0,0,0,0,28.57,20,50,28.57,16.67,50.2,0,50.2,25.1,32.86,Mid
Fazalhaq Farooqi,RR,Overseas,Pure Bowler,Left-arm Fast-medium,Left-hand,Left-arm fast,2,5,1,2,TRUE,0,2,100,0,0,0,0,0,0,0,139,1.25,2,FALSE,0,0,0,0,60,55.56,66.67,57.14,71.43,87.47,25.17,112.64,46.93,59.05,Low
Gerald Coetzee,GT,Overseas,Pure Bowler,Right-arm Fast,Right-hand,Right-arm fast,17,4,2,12,FALSE,8.5,11,154.54,0,0,2,1,27.27,10.91,2,140,2,5,FALSE,0,0,0,0,58.82,71.43,55.56,50,83.33,61.77,43.82,105.6,25.14,51.11,Low
Glenn Maxwell,PBKS,Overseas,All-rounder,"Right-hand bat, Right-arm Off-spin",Right-hand,Offbreak,48,7,6,30,FALSE,8,49,97.95,0,0,5,1,12.24,8.46,4,141,0,20.5,FALSE,0,0,0,0,56.25,57.14,55.56,71.43,50,129.04,122.24,251.28,15.37,68.26,High
Hardik Pandya,MI,Indian,All-rounder,"Right-hand bat, Right-arm Fast-medium",Right-hand,Right-arm medium,224,15,12,48,TRUE,24.89,137,163.5,0,0,18,12,21.9,9.77,14,142,0.3,15,FALSE,0,0,0,0,58.82,71.43,55.56,50,83.33,54.41,91.59,145.99,97.33,51.11,Mid
Harpreet Brar,PBKS,Indian,All-rounder,"Left-hand bat, Slow Left-arm Orthodox",Left-hand,Slow left-arm orthodox,11,8,2,7,TRUE,11,13,84.61,0,0,0,1,7.69,8.63,10,143,0.3,0,FALSE,0,0,0,0,0,0,0,0,0,0,50.2,50.2,167.35,0,Low
Harsh Dubey,SRH,Indian,Pure Bowler,Slow Left-arm Orthodox,Left-hand,Slow left-arm orthodox,0,3,0,0,FALSE,0,0,0,0,0,0,0,0,9.8,5,144,2,0,FALSE,0,0,0,0,42.86,60,37.5,40,33.33,52.98,138.2,191.18,23.9,39.5,Low
Harshal Patel,SRH,Indian,Pure Bowler,"Right-hand bat, Right-arm Medium",Right-hand,Right-arm medium,21,13,4,12,TRUE,10.5,26,80.76,0,0,0,0,0,9.8,16,145,0,11.75,FALSE,0,0,0,0,35.71,33.33,50,33.33,60,73.72,129.82,203.54,50.89,36.66,Mid
Harshit Rana,KKR,Indian,Pure Bowler,Right-arm Fast,Right-hand,Right-arm fast,57,13,7,34,FALSE,14.25,53,107.54,0,0,5,3,15.09,10.18,15,146,0,4,FALSE,0,0,0,0,42.86,60,37.5,40,33.33,179.32,0,179.32,7.8,39.5,Low
Heinrich Klaasen,SRH,Overseas,Pure Batsman,"Right-hand bat, Wicket-keeper",Right-hand,NULL,487,13,13,105,TRUE,44.27,282,172.69,1,1,42,25,23.76,0,0,147,2,23,TRUE,6,0,6,0.6,42.86,60,37.5,40,33.33,147.09,0,147.09,13.07,39.5,Mid
Ishan Kishan,SRH,Indian,Pure Batsman,"Left-hand bat, Wicket-keeper",Left-hand,NULL,354,14,13,106,TRUE,35.4,232,152.58,1,1,33,15,20.69,0,0,148,0.75,15.25,TRUE,5,0,5,1.25,60,55.56,66.67,57.14,71.43,0,40.94,40.94,54.59,59.05,Mid
Ishant Sharma,GT,Indian,Pure Bowler,Right-arm Fast-medium,Right-hand,Right-arm fast,0,7,0,0,FALSE,0,0,0,0,0,0,0,0,11.18,4,149,1.25,0,FALSE,0,0,0,0,68.75,85.71,62.5,40,100,126.09,0,126.09,48.5,44.5,Low
Jacob Bethell,RCB,Overseas,All-rounder,"Left-hand bat, Slow Left-arm Orthodox",Left-hand,Slow left-arm orthodox,67,2,2,55,FALSE,33.5,39,171.79,0,1,9,3,30.77,0,0,150,1.5,1,FALSE,0,0,0,0,28.57,37.5,16.67,16.67,42.86,108.64,0,108.64,72.43,16.67,Low
Jake Fraser 0 McGurk,DC,Overseas,Pure Batsman,Right-hand bat,Right-hand,NULL,55,6,6,38,FALSE,9.17,52,105.76,0,0,7,2,,0,0,151,0,9,FALSE,0,0,0,0,56.25,57.14,55.56,71.43,50,0,158.99,158.99,8.83,68.26,Low
Jamie Overton,CSK,Overseas,All-rounder,"Right-hand bat, Right-arm Fast",Right-hand,Right-arm fast,15,3,2,11,TRUE,0,7,214.28,0,0,1,1,28.57,0,0,152,1,0,FALSE,0,0,0,0,42.86,60,37.5,40,33.33,0,101.62,101.62,101.62,39.5,Low
Jasprit Bumrah,MI,Indian,Pure Bowler,Right-arm Fast,Right-hand,Right-arm fast,0,12,0,0,FALSE,0,0,0,0,0,0,0,0,6.67,18,153,1,12,FALSE,0,0,0,0,68.75,85.71,62.5,40,100,151.56,0,151.56,13.78,44.5,Mid
Jaydev Unadkat,SRH,Indian,Pure Bowler,Left-arm Medium-fast,Right-hand,Left-arm medium,0,7,0,0,FALSE,0,0,0,0,0,0,0,0,7.34,11,154,2,0,FALSE,0,0,0,0,28.57,20,50,28.57,16.67,79.8,98.56,178.36,14.27,32.86,Low
Jitesh Sharma,RCB,Indian,Pure Batsman,"Right-hand bat, Wicket-keeper",Right-hand,NULL,261,15,11,85,TRUE,37.29,148,176.35,0,1,24,17,27.7,0,0,155,2,6.8,FALSE,19,1,20,1.33,0,0,0,0,0,143.39,0,143.39,71.69,0,Mid
Jofra Archer,RR,Overseas,Pure Bowler,Right-arm Fast,Right-hand,Right-arm fast,63,12,7,30,FALSE,10.5,50,126,0,0,3,4,14,9.47,11,156,2,7.5,FALSE,0,0,0,0,60,55.56,66.67,57.14,71.43,195.09,0,195.09,12.39,59.05,Mid
Jonny Bairstow,MI,Overseas,Pure Batsman,"Right-hand bat, Wicket-keeper",Right-hand,NULL,85,2,2,47,FALSE,42.5,46,184.78,0,0,7,5,26.09,0,0,157,2,5.25,FALSE,0,0,0,0,68.75,85.71,62.5,40,100,0,187.4,187.4,14.99,44.5,Low
Jos Buttler,GT,Overseas,Pure Batsman,"Right-hand bat, Wicket-keeper",Right-hand,NULL,538,14,13,97,TRUE,59.78,330,163.03,0,5,52,24,23.03,0,0,158,2,15.75,TRUE,8,2,10,0.71,58.82,71.43,55.56,50,83.33,139.97,0,139.97,53.84,51.11,Mid
Josh Hazlewood,RCB,Overseas,Pure Bowler,Right-arm Fast,Right-hand,Right-arm fast,0,12,0,0,FALSE,0,0,0,0,0,0,0,0,8.77,22,159,2,7.75,FALSE,0,0,0,0,60,55.56,66.67,57.14,71.43,66.15,24.64,90.79,8.45,59.05,Mid
Josh Inglis,PBKS,Overseas,Pure Batsman,"Right-hand bat, Wicket-keeper",Right-hand,NULL,278,11,11,73,FALSE,30.89,171,162.57,0,1,26,16,24.56,0,0,160,0.75,2.6,TRUE,9,1,10,0.91,42.86,60,37.5,40,33.33,106.54,27.67,134.2,178.94,39.5,Low
K L Rahul,DC,Indian,Pure Batsman,"Right-hand bat, Wicket-keeper",Right-hand,NULL,539,13,13,112,TRUE,53.9,360,149.72,1,3,52,21,20.28,0,0,161,0.5,17,FALSE,0,0,0,0,56.25,57.14,55.56,71.43,50,50.1,67.72,117.82,235.65,68.26,High
Kagiso Rabada,GT,Overseas,Pure Bowler,Right-arm Fast,Right-hand,Right-arm fast,9,4,2,7,TRUE,9,8,112.5,0,0,,1,12.5,11.57,2,162,0.3,10.75,FALSE,0,0,0,0,50,62.5,40,42.86,60,130.63,0,130.63,261.27,42.29,Mid
Kamindu Mendis,SRH,Overseas,All-rounder,"Both-hand bat, Slow Left-arm Orthodox",Left-hand,Slow left-arm orthodox,92,5,5,32,TRUE,30.67,69,133.33,0,0,7,2,13.04,8.57,2,163,2,0,FALSE,0,0,0,0,28.57,37.5,16.67,16.67,42.86,25.1,130.45,155.55,32.41,16.67,Low
Karn Sharma,MI,Indian,Pure Bowler,"Left-hand bat, Leg-spin",Right-hand,Legbreak,1,6,1,1,TRUE,0,1,100,0,0,0,0,0,8.53,7,164,2,0,FALSE,0,0,0,0,68.75,85.71,62.5,40,100,92.44,148.15,240.59,41.84,44.5,Low
Karun Nair,DC,Indian,Pure Batsman,Right-hand bat,Right-hand,NULL,198,8,8,89,FALSE,24.75,115,172.17,0,1,24,10,29.57,0,0,165,0,0,FALSE,0,0,0,0,50,62.5,40,42.86,60,64.05,134.14,198.19,14.96,42.29,Low
Khaleel Ahmed,CSK,Indian,Pure Bowler,Left-arm Medium-fast,Left-hand,Left-arm fast,1,14,2,1,TRUE,0,2,50,0,0,0,0,0,9.57,15,166,0.3,4.8,FALSE,0,0,0,0,60,55.56,66.67,57.14,71.43,0,18.35,18.35,61.17,59.05,Low
Krunal Pandya,RCB,Indian,All-rounder,"Left-hand bat, Slow Left-arm Orthodox",Left-hand,Slow left-arm orthodox,109,15,7,73,TRUE,18.17,86,126.74,0,1,9,4,15.12,8.23,17,167,0.75,8.25,FALSE,0,0,0,0,0,0,0,0,0,122,0,122,162.67,0,Low
Kuldeep Yadav,DC,Indian,Pure Bowler,Left-arm Wrist-spin,Left-hand,Chinaman,18,14,5,7,FALSE,6,16,112.5,0,0,2,0,12.5,7.07,15,168,0.75,16.25,FALSE,0,0,0,0,28.57,20,50,28.57,16.67,200.8,17.26,218.06,145.37,32.86,Mid
Kulwant Khejroliya,GT,Indian,Pure Bowler,Left-arm Fast,Left-hand,Left-arm fast,0,1,0,0,FALSE,0,0,0,0,0,0,0,0,9.66,1,169,1.5,0,FALSE,0,0,0,0,0,0,0,0,0,0,50.2,50.2,33.47,0,Low
Kumar Kartikeya Singh,RR,Indian,Pure Bowler,Left-arm Orthodox,Left-hand,Slow left-arm orthodox,3,4,2,2,FALSE,1.5,5,60,0,0,,,0,9.75,2,170,2,0,FALSE,0,0,0,0,68.75,85.71,62.5,40,100,93.87,27.85,121.71,13.91,44.5,Low
Kusal Mendis,GT,Overseas,Pure Batsman,"Right-hand bat, Wicket-keeper",Right-hand,NULL,20,1,1,20,FALSE,20,10,200,0,0,1,2,30,0,0,171,2,0,FALSE,0,0,0,0,58.82,71.43,55.56,50,83.33,200.4,50.91,251.31,125.65,51.11,Low
Kwena Maphaka,RR,Overseas,Pure Bowler,Left-arm Fast,Left-hand,Left-arm fast,8,2,1,8,TRUE,0,2,400,0,0,2,0,100,10.8,1,172,0,1.5,FALSE,0,0,0,0,28.57,37.5,16.67,16.67,42.86,111.69,0,111.69,27.92,16.67,Low
Kyle Jamieson,PBKS,Overseas,All-rounder,Right-arm Fast-medium,Right-hand,Right-arm fast,0,4,0,0,FALSE,0,0,0,0,0,0,0,0,9.8,5,173,0.3,0,FALSE,0,0,0,0,50,62.5,40,42.86,60,40.8,0,40.8,102,42.29,Low
Liam Livingstone,RCB,Overseas,All-rounder,"Right-hand bat, Off-spin & Leg-spin",Right-hand,Legbreak,112,10,8,54,FALSE,16,84,133.33,0,1,4,9,15.48,8.44,2,174,2,11.5,FALSE,0,0,0,0,28.57,20,50,28.57,16.67,24.52,98.25,122.76,27.9,32.86,Mid
Lockie Ferguson,PBKS,Overseas,Pure Bowler,Right-arm Fast,Right-hand,Right-arm fast,4,4,1,4,TRUE,0,1,400,0,0,1,0,100,9.17,5,175,0.75,2,FALSE,0,0,0,0,35.71,33.33,50,33.33,60,125.97,0,125.97,167.95,36.66,Low
Lungisani Ngidi,RCB,Overseas,Pure Bowler,Right-arm Fast-medium,Right-hand,Right-arm fast,0,2,0,0,FALSE,0,0,0,0,0,0,0,0,10.12,4,176,0.3,0,FALSE,0,0,0,0,68.75,85.71,62.5,40,100,13.6,0,13.6,45.33,44.5,Low
M Siddharth,LSG,Indian,Pure Bowler,Left-arm Orthodox,Left-hand,Slow left-arm orthodox,0,2,0,0,FALSE,0,0,0,0,0,0,0,0,9.57,2,177,1.25,0,FALSE,0,0,0,0,58.82,71.43,55.56,50,83.33,85.77,138.87,224.64,32.09,51.11,Low
MS Dhoni,CSK,Indian,Pure Batsman,"Right-hand bat, Wicket-keeper",Right-hand,NULL,196,14,13,30,TRUE,24.5,145,135.17,0,0,12,12,16.55,0,0,178,2,4,TRUE,6,5,11,0.79,58.82,71.43,55.56,50,83.33,135.69,16.1,151.79,13.8,51.11,Low
Madhav Tiwari,DC,Indian,Pure Batsman,Right-hand bat,Right-hand,NULL,3,1,1,3,FALSE,3,4,75,0,0,0,0,0,0,0,179,0,0,FALSE,0,0,0,0,28.57,37.5,16.67,16.67,42.86,0,113.87,113.87,8.76,16.67,Low
Maheesh Theekshana,RR,Overseas,Pure Bowler,Right-arm Off-spin,Right-hand,Offbreak,10,11,4,5,FALSE,5,27,37.03,0,0,0,0,0,9.76,11,180,0.75,4.4,FALSE,0,0,0,0,42.86,50,40,28.57,57.14,73.73,0,73.73,98.31,30.86,Low
Manish Pandey,KKR,Indian,Pure Batsman,Right-hand bat,Right-hand,NULL,92,3,3,37,FALSE,46,65,141.53,0,0,5,5,15.38,0,0,181,0,0,FALSE,0,0,0,0,42.86,50,40,28.57,57.14,0,24,24,2.18,30.86,Low
Manoj Bhandage,RCB,Indian,Pure Batsman,"Left-hand bat, Medium-fast",Left-hand,NULL,1,1,1,1,FALSE,1,4,25,0,0,0,0,0,0,0,182,2,0,FALSE,0,0,0,0,42.86,50,40,28.57,57.14,192.78,0,192.78,56.7,30.86,Low
Marco Jansen,PBKS,Overseas,All-rounder,"Left-hand bat, Left-arm Fast",Left-hand,Left-arm fast,75,14,8,34,TRUE,18.75,63,119.04,0,0,3,4,11.11,9.2,16,183,2,11,FALSE,0,0,0,0,56.25,57.14,55.56,71.43,50,84.6,92.63,177.23,88.62,68.26,Mid
Marcus Stoinis,PBKS,Overseas,All-rounder,"Right-hand bat, Right-arm Medium-fast",Right-hand,Right-arm medium,160,13,11,44,TRUE,26.67,86,186.04,0,0,8,15,26.74,12.35,1,184,2,11,FALSE,0,0,0,0,50,62.5,40,42.86,60,33.6,121.84,155.44,13.23,42.29,Mid
Matheesha Pathirana,CSK,Overseas,Pure Bowler,Right-arm Fast,Right-hand,Right-arm fast,0,12,0,0,FALSE,0,0,0,0,0,0,0,0,10.13,13,185,2,20,FALSE,0,0,0,0,35.71,33.33,50,33.33,60,20.86,59.76,80.62,40.31,36.66,High
Matthew Breetzke,LSG,Overseas,Pure Batsman,Right-hand bat,Right-hand,NULL,14,1,1,14,FALSE,14,12,116.66,0,0,1,1,16.67,0,0,186,2,0,FALSE,0,0,0,0,60,55.56,66.67,57.14,71.43,37.8,138.82,176.62,14.42,59.05,Low
Mayank Agarwal,RCB,Indian,Pure Batsman,Right-hand bat,Right-hand,NULL,95,4,4,41,TRUE,31.67,64,148.43,0,0,10,2,18.75,0,0,187,0.5,1,FALSE,0,0,0,0,50,62.5,40,42.86,60,17.77,25.73,43.49,19.77,42.29,Low
Mayank Yadav,LSG,Indian,Pure Bowler,Right-arm Fast,Right-hand,Right-arm fast,0,2,0,0,FALSE,0,0,0,0,0,0,,0,12.5,2,188,0.3,11,FALSE,0,0,0,0,28.57,37.5,16.67,16.67,42.86,0,16.45,16.45,54.84,16.67,Mid
Mitchell Marsh,LSG,Overseas,All-rounder,"Right-hand bat, Right-arm Medium-fast",Right-hand,Right-arm medium,627,13,13,117,FALSE,48.23,383,163.7,1,6,56,37,24.28,0,0,189,2,6.5,FALSE,0,0,0,0,50,62.5,40,42.86,60,0,105.69,105.69,13.21,42.29,Mid
Mitchell Santner,MI,Overseas,All-rounder,"Left-hand bat, Slow Left-arm Orthodox",Left-hand,Slow left-arm orthodox,40,13,8,18,TRUE,20,33,121.21,0,0,2,3,15.15,7.92,10,190,0.3,1.9,FALSE,0,0,0,0,58.82,71.43,55.56,50,83.33,0,15.41,15.41,51.36,51.11,Low
Mitchell Starc,DC,Overseas,Pure Bowler,Left-arm Fast,Left-hand,Left-arm fast,6,11,6,2,FALSE,3,10,60,0,0,0,0,0,10.16,14,191,2,24.75,FALSE,0,0,0,0,0,0,0,0,0,0,44.66,44.66,22.33,0,High
Moeen Ali,KKR,Overseas,All-rounder,"Left-hand bat, Right-arm Off-spin",Left-hand,Offbreak,5,6,2,5,FALSE,2.5,14,35.71,0,0,0,0,0,8.5,6,192,0.3,5,FALSE,0,0,0,0,56.25,57.14,55.56,71.43,50,148,0,148,28.19,68.26,Low
Mohammad Shami,SRH,Indian,Pure Bowler,Right-arm Fast,Right-hand,Right-arm fast,10,9,4,6,TRUE,10,10,100,0,0,1,0,10,11.23,6,193,1.25,10,FALSE,0,0,0,0,28.57,37.5,16.67,16.67,42.86,0,18.53,18.53,9.26,16.67,Mid
Mohammed Siraj,GT,Indian,Pure Bowler,Right-arm Fast,Right-hand,Right-arm fast,3,15,1,3,TRUE,0,4,75,0,0,0,0,0,9.24,16,194,0.3,14,FALSE,0,0,0,0,58.82,71.43,55.56,50,83.33,140.57,0,140.57,33.47,51.11,Mid
Mohd Arshad Khan,GT,Indian,All-rounder,Left-arm Fast-medium,Left-hand,Left-arm medium,23,9,5,20,FALSE,11.5,19,121.05,0,0,0,3,15.79,10.33,6,195,0,0,FALSE,0,0,0,0,42.86,50,40,28.57,57.14,194.19,0,194.19,9.25,30.86,Low
Mohit Sharma,DC,Indian,Pure Bowler,Right-arm Medium,Right-hand,Right-arm medium,1,8,2,1,TRUE,1,3,33.33,0,0,0,0,0,10.28,2,196,0,0,FALSE,0,0,0,0,42.86,60,37.5,40,33.33,100.42,26.64,127.06,21.18,39.5,Low
Mujeeb0ur0Rahman,MI,Overseas,Pure Bowler,Right-arm Off-spin,Right-hand,Offbreak,0,1,0,0,FALSE,0,0,0,0,0,0,0,0,14,1,197,1.5,2,FALSE,0,0,0,0,28.57,20,50,28.57,16.67,124.37,0,124.37,29.61,32.86,Low
Mukesh Choudhary,CSK,Indian,Pure Bowler,Left-arm Fast-medium,Left-hand,Left-arm fast,0,2,0,0,FALSE,0,0,0,0,0,0,0,0,11.83,1,198,2,0,FALSE,0,0,0,0,28.57,37.5,16.67,16.67,42.86,23.04,204.25,227.29,22.73,16.67,Low
Mukesh Kumar,DC,Indian,Pure Bowler,Right-arm Medium-fast,Right-hand,Right-arm medium,0,12,0,0,FALSE,0,0,0,0,0,0,0,0,10.32,12,199,0.75,0,FALSE,0,0,0,0,68.75,85.71,62.5,40,100,0,23.38,23.38,14.62,44.5,Low
Musheer Khan,PBKS,Indian,All-rounder,"Left-hand bat, Off-spin",Left-hand,Slow left-arm orthodox,0,1,0,0,FALSE,0,0,0,0,0,0,0,0,13.5,1,200,0,0,FALSE,0,0,0,0,42.86,60,37.5,40,33.33,117.57,139.04,256.61,14.26,39.5,Low
Mustafizur Rahman,DC,Overseas,Pure Bowler,Left-arm Fast-medium,Left-hand,Left-arm fast,0,3,0,0,FALSE,0,0,0,0,0,0,0,0,7.9,4,201,2,2,FALSE,0,0,0,0,68.75,85.71,62.5,40,100,161.87,0,161.87,14.08,44.5,Low
N Tilak Varma,MI,Indian,Pure Batsman,"Left-hand bat, Occasional Off-spin",Left-hand,NULL,343,16,13,59,FALSE,31.18,248,138.3,0,2,23,16,15.73,0,0,202,0,17,FALSE,0,0,0,0,58.82,71.43,55.56,50,83.33,167.45,0,167.45,41.86,51.11,Mid
Naman Dhir,MI,Indian,Pure Batsman,Right-hand bat,Right-hand,NULL,252,16,12,46,FALSE,31.5,138,182.6,0,0,24,13,26.81,0,0,203,2,5.25,FALSE,0,0,0,0,60,55.56,66.67,57.14,71.43,0,212.09,212.09,22.33,59.05,Low
Nathan Ellis,CSK,Overseas,Pure Bowler,Right-arm Fast-medium,Right-hand,Right-arm medium,0,1,0,0,FALSE,0,0,0,0,0,0,0,0,9.5,1,204,0.3,1.25,FALSE,0,0,0,0,42.86,50,40,28.57,57.14,25.5,34.15,59.65,198.84,30.86,Low
Nehal Wadhera,PBKS,Indian,Pure Batsman,Left-hand bat,Left-hand,NULL,369,16,15,70,FALSE,30.75,253,145.84,0,2,28,21,19.37,0,0,205,0.3,4.2,FALSE,0,0,0,0,58.82,71.43,55.56,50,83.33,165.06,0,165.06,43.44,51.11,Low
Nicholas Pooran,LSG,Overseas,Pure Batsman,"Left-hand bat, Wicket-keeper",Left-hand,NULL,524,14,14,87,TRUE,43.67,267,196.25,0,5,45,40,31.84,0,0,206,1.5,16,FALSE,0,0,0,0,28.57,37.5,16.67,16.67,42.86,110.48,0,110.48,27.62,16.67,Mid
Nitish Kumar Reddy,SRH,Indian,All-rounder,"Right-hand bat, Right-arm Medium-fast",Right-hand,Right-arm medium,182,13,11,32,FALSE,22.75,153,118.95,0,0,16,4,13.07,9.4,2,207,2,8,FALSE,0,0,0,0,35.71,33.33,50,33.33,60,95.71,0,95.71,47.86,36.66,Low
Nitish Rana,RR,Indian,Pure Batsman,"Left-hand bat, Off-spin",Left-hand,NULL,217,11,11,81,FALSE,21.7,134,161.94,0,2,27,9,26.87,0,0,208,0,8.25,FALSE,0,0,0,0,60,55.56,66.67,57.14,71.43,106.17,0,106.17,26.54,59.05,Low
Noor Ahmad,CSK,Overseas,Pure Bowler,Left-arm Wrist-spin,Left-hand,Chinaman,7,14,6,2,TRUE,1.75,17,41.17,0,0,0,,0,8.16,24,209,0.75,10,FALSE,0,0,0,0,28.57,37.5,16.67,16.67,42.86,64.75,0,64.75,19.04,16.67,Mid
Nuwan Thushara,RCB,Overseas,Pure Bowler,Right-arm Medium-fast,Right-hand,Right-arm fast,0,1,0,0,FALSE,0,0,0,0,0,0,0,0,6.5,1,210,0,4.8,FALSE,0,0,0,0,68.75,85.71,62.5,40,100,127.09,0,127.09,11.55,44.5,Low
Pat Cummins,SRH,Overseas,All-rounder,"Right-hand bat, Right-arm Fast",Right-hand,Right-arm fast,97,14,9,22,TRUE,24.25,58,167.24,0,0,6,7,22.41,9.06,16,211,0,20.5,FALSE,0,0,0,0,35.71,33.33,50,33.33,60,81.24,0,81.24,20.31,36.66,High
Phil Salt,RCB,Overseas,Pure Batsman,"Right-hand bat, Wicket-keeper",Right-hand,NULL,403,13,13,65,FALSE,33.58,229,175.98,0,4,48,22,30.57,0,0,212,0,11.5,TRUE,0,0,0,0,60,55.56,66.67,57.14,71.43,83.42,82.71,166.13,9.23,59.05,Mid
Prabhsimran Singh,PBKS,Indian,Pure Batsman,"Right-hand bat, Wicket-keeper",Right-hand,NULL,549,17,17,91,FALSE,32.29,342,160.52,0,4,56,30,25.15,0,0,213,0,6,TRUE,0,0,0,0,42.86,50,40,28.57,57.14,48.42,81.23,129.66,11.79,30.86,Low
Prasidh Krishna,GT,Indian,Pure Bowler,Right-arm Fast,Right-hand,Right-arm fast,0,15,0,0,FALSE,0,0,0,0,0,0,0,0,8.27,25,214,2,9.5,FALSE,0,0,0,0,28.57,37.5,16.67,16.67,42.86,66.55,66.96,133.51,13.69,16.67,High
Pravin Dubey,PBKS,Indian,Pure Bowler,Leg-spin,Right-hand,Legbreak,0,1,0,0,FALSE,0,0,0,0,0,0,0,0,10,1,215,0,0,FALSE,0,0,0,0,28.57,37.5,16.67,16.67,42.86,131.33,91.68,223.01,12.39,16.67,Low
Prince Yadav,LSG,Indian,Pure Bowler,"Left-hand bat, Slow Left-arm Orthodox",Right-hand,Right-arm medium,5,6,2,4,TRUE,0,10,50,0,0,0,0,0,9.85,3,216,0.75,0,FALSE,0,0,0,0,0,0,0,0,0,0,16.98,16.98,22.64,0,Low
Priyansh Arya,PBKS,Indian,Pure Batsman,Right-hand bat,Left-hand,NULL,475,17,17,103,FALSE,27.94,265,179.24,1,2,55,25,30.19,0,0,217,0,0,FALSE,0,0,0,0,35.71,33.33,50,33.33,60,126.9,0,126.9,9.76,36.66,Low
Quinton De Kock,KKR,Overseas,Pure Batsman,"Left-hand bat, Wicket-keeper",Left-hand,NULL,152,8,8,97,TRUE,21.71,117,129.91,0,1,9,11,17.09,0,0,218,2,6.75,FALSE,0,0,0,0,42.86,50,40,28.57,57.14,117.93,0,117.93,4.37,30.86,Low
Rachin Ravindra,CSK,Overseas,All-rounder,"Left-hand bat, Slow Left-arm Orthodox",Left-hand,Slow left-arm orthodox,191,8,8,65,TRUE,27.29,149,128.18,0,1,18,4,14.77,0,0,219,0,18.5,FALSE,0,0,0,0,28.57,20,50,28.57,16.67,155.31,35.76,191.07,13.65,32.86,Mid
Rahmanullah Gurbaz,KKR,Overseas,Pure Batsman,"Right-hand bat, Wicket-keeper",Right-hand,NULL,74,5,5,35,FALSE,18.5,53,139.62,0,0,10,3,24.53,0,0,220,0.3,3,TRUE,0,0,0,0,56.25,57.14,55.56,71.43,50,23.6,0,23.6,36.31,68.26,Low
Rahul Tewatia,GT,Indian,All-rounder,"Left-hand bat, Leg-spin",Left-hand,Legbreak,99,15,12,24,TRUE,12.38,59,167.79,0,0,6,7,22.03,0,0,221,0,9,FALSE,0,0,0,0,56.25,57.14,55.56,71.43,50,146.3,0,146.3,8.98,68.26,Low
Rahul Tripathi,CSK,Indian,Pure Batsman,Right-hand bat,Right-hand,NULL,55,5,5,23,FALSE,11,57,96.49,0,0,6,1,12.28,0,0,222,1.5,5.8,FALSE,0,0,0,0,68.75,85.71,62.5,40,100,187.83,57.28,245.11,163.4,44.5,Low
Raj Angad Bawa,MI,Indian,All-rounder,"Right-hand bat, Medium-fast",Right-hand,Right-arm medium,8,3,1,8,TRUE,0,4,200,0,0,0,,0,0,0,223,1.5,0,FALSE,0,0,0,0,35.71,33.33,50,33.33,60,55.5,0,55.5,37,36.66,Low
Rajat Patidar,RCB,Indian,Pure Batsman,Right-hand bat,Right-hand,NULL,312,15,14,64,FALSE,24,217,143.77,0,2,25,14,17.97,0,0,224,0,11,FALSE,0,0,0,0,28.57,37.5,16.67,16.67,42.86,111.91,0,111.91,6.22,16.67,Mid
Ramandeep Singh,KKR,Indian,All-rounder,"Right-hand bat, Medium",Right-hand,Right-arm medium,47,11,7,22,FALSE,9.4,35,134.28,0,0,1,4,14.29,0,0,225,1,0,FALSE,0,0,0,0,56.25,57.14,55.56,71.43,50,144.13,0,144.13,144.13,68.26,Low
Rashid Khan,GT,Overseas,All-rounder,"Right-hand bat, Right-arm Leg-spin",Right-hand,Legbreak,40,15,8,12,FALSE,8,28,142.85,0,0,2,3,17.86,9.34,9,226,0.75,18,FALSE,0,0,0,0,60,55.56,66.67,57.14,71.43,27.17,162.82,189.99,95,59.05,Mid
Rasikh Dar,RCB,Indian,Pure Bowler,Right-arm Medium-fast,Right-hand,Right-arm fast,0,2,0,0,FALSE,0,0,0,0,0,0,0,0,11.66,1,227,0,0,FALSE,0,0,0,0,60,55.56,66.67,57.14,71.43,208.2,0,208.2,24.49,59.05,Low
Ravi Bishnoi,LSG,Indian,Pure Bowler,Right-arm Leg-spin,Right-hand,Legbreak,13,11,3,13,FALSE,6.5,16,81.25,0,0,0,2,12.5,10.83,9,228,2,11,FALSE,0,0,0,0,28.57,37.5,16.67,16.67,42.86,102.06,17.03,119.08,49.62,16.67,Mid
Ravichandran Ashwin,CSK,Indian,All-rounder,"Right-hand bat, Right-arm Off-spin",Right-hand,Offbreak,33,9,4,13,FALSE,8.25,30,110,0,0,3,1,13.33,9.12,7,229,0.3,9.5,FALSE,0,0,0,0,50,62.5,40,42.86,60,129.01,0,129.01,135.8,42.29,Low
Ravindra Jadeja,CSK,Indian,All-rounder,"Left-hand bat, Slow Left-arm Orthodox",Left-hand,Slow left-arm orthodox,301,14,14,77,TRUE,33.44,222,135.58,0,2,25,10,15.77,8.56,10,230,0,16,FALSE,0,0,0,0,28.57,20,50,28.57,16.67,60.6,82.11,142.71,35.68,32.86,Mid
Richard Gleeson,MI,Overseas,Pure Bowler,Right-arm Fast,Right-hand,Right-arm fast,0,1,0,0,FALSE,0,0,0,0,0,0,0,0,11.14,1,231,0,0,FALSE,0,0,0,0,28.57,20,50,28.57,16.67,134.32,0,134.32,7.46,32.86,Low
Rinku Singh,KKR,Indian,Pure Batsman,Left-hand bat,Left-hand,NULL,206,13,11,38,TRUE,29.43,134,153.73,0,0,20,10,22.39,0,0,232,0.75,13,FALSE,0,0,0,0,0,0,0,0,0,92.95,0,92.95,123.93,0,Mid
Rishabh Pant,LSG,Indian,Pure Batsman,"Left-hand bat, Wicket-keeper",Left-hand,NULL,269,14,13,118,TRUE,24.45,202,133.16,1,1,23,16,19.31,0,0,233,1,16,TRUE,5,1,6,0.43,42.86,50,40,28.57,57.14,66.15,16.33,82.48,34.37,30.86,Mid
Riyan Parag,RR,Indian,All-rounder,"Right-hand bat, Leg-spin",Right-hand,Legbreak,393,14,14,95,FALSE,32.75,236,166.52,0,1,27,27,22.88,8.5,3,234,0.3,14,FALSE,0,0,0,0,28.57,37.5,16.67,16.67,42.86,77.64,0,77.64,258.82,16.67,Mid
Robin Minz,MI,Indian,Pure Batsman,"Left-hand bat, Wicket-keeper",Left-hand,NULL,6,2,2,3,FALSE,3,15,40,0,0,0,0,0,0,0,235,2,3.6,FALSE,0,0,0,0,0,0,0,0,0,82.8,113.07,195.87,97.94,0,Low
Rohit Sharma,MI,Indian,Pure Batsman,Right-hand bat,Right-hand,NULL,418,15,15,81,FALSE,29.86,280,149.28,0,4,41,22,22.5,0,0,236,0,16.3,FALSE,0,0,0,0,58.82,71.43,55.56,50,83.33,161.75,0,161.75,29.41,51.11,Mid
Romario Shepherd,RCB,Overseas,All-rounder,"Right-hand bat, Right-arm Fast-medium",Right-hand,Right-arm fast,70,8,3,53,TRUE,35,24,291.66,0,1,5,7,50,10.78,6,237,1.5,5,FALSE,0,0,0,0,60,55.56,66.67,57.14,71.43,140.07,0,140.07,53.87,59.05,Low
Rovman Powell,KKR,Overseas,Pure Batsman,Right-hand bat,Right-hand,NULL,5,2,1,5,FALSE,5,5,100,0,0,1,0,20,0,0,238,0,7.4,FALSE,0,0,0,0,28.57,20,50,28.57,16.67,118.49,0,118.49,10.77,32.86,Low
Ruturaj Gaikwad,CSK,Indian,Pure Batsman,Right-hand bat,Right-hand,NULL,122,5,5,63,FALSE,24.4,81,150.61,0,2,14,4,22.22,0,0,239,0,6,FALSE,0,0,0,0,28.57,37.5,16.67,16.67,42.86,134.26,0,134.26,11.19,16.67,Low
Ryan Rickelton,MI,Overseas,Pure Batsman,"Left-hand bat, Wicket-keeper",Left-hand,NULL,388,14,14,62,TRUE,29.85,257,150.97,0,3,47,17,24.9,0,0,240,2,1,TRUE,11,5,16,1.14,58.82,71.43,55.56,50,83.33,198.26,0,198.26,7.41,51.11,Low
Sai Kishore,GT,Indian,Pure Bowler,Left-arm Orthodox,Left-hand,Slow left-arm orthodox,5,15,3,3,FALSE,1.67,10,50,0,0,0,0,0,9.24,19,241,0.3,2,FALSE,0,0,0,0,28.57,20,50,28.57,16.67,117.4,0,117.4,146.75,32.86,Low
Sai Sudharsan,GT,Indian,Pure Batsman,Left-hand bat,Left-hand,NULL,759,15,15,108,TRUE,54.21,486,156.17,1,6,88,21,22.43,0,0,242,0,8.5,FALSE,0,0,0,0,60,55.56,66.67,57.14,71.43,192.94,0,192.94,11.69,59.05,High
Sam Curran,CSK,Overseas,All-rounder,"Left-hand bat, Left-arm Medium-fast",Left-hand,Left-arm medium,114,5,5,88,FALSE,22.8,84,135.71,0,1,11,4,17.86,11.08,1,243,0.3,18.5,FALSE,0,0,0,0,42.86,60,37.5,40,33.33,23.23,23.09,46.32,30.88,39.5,Mid
Sameer Rizvi,DC,Indian,Pure Batsman,Right-hand bat,Right-hand,NULL,121,5,4,58,TRUE,40.33,79,153.16,0,1,11,7,22.78,0,0,244,2,8.4,FALSE,0,0,0,0,35.71,33.33,50,33.33,60,25.2,16.53,41.73,14.9,36.66,Low
Sandeep Sharma,RR,Indian,Pure Bowler,Right-arm Medium,Right-hand,Right-arm medium,6,10,1,6,TRUE,0,5,120,0,0,0,0,0,9.89,9,245,0,4,FALSE,0,0,0,0,35.71,33.33,50,33.33,60,132.38,108.82,241.2,20.1,36.66,Low
Sanju Samson,RR,Indian,Pure Batsman,"Right-hand bat, Wicket-keeper",Right-hand,NULL,285,9,9,66,FALSE,35.63,203,140.39,0,1,27,13,19.7,0,0,246,0.3,14,TRUE,4,1,5,0.83,58.82,71.43,55.56,50,83.33,34.84,0,34.84,116.15,51.11,Mid
Sediqullah Atal,DC,Overseas,Pure Batsman,Right-hand bat,Left-hand,NULL,22,1,1,22,FALSE,22,16,137.5,0,0,,2,12.5,0,0,247,0.3,0,FALSE,0,0,0,0,68.75,85.71,62.5,40,100,0,75.31,75.31,28.97,44.5,Low
Shahbaz Ahmed,LSG,Indian,All-rounder,"Left-hand bat, Slow Left-arm Orthodox",Left-hand,Slow left-arm orthodox,9,3,1,9,FALSE,9,8,112.5,0,0,1,,12.5,12,1,248,2,4,FALSE,0,0,0,0,68.75,85.71,62.5,40,100,173.6,0,173.6,57.87,44.5,Low
Shahrukh Khan,GT,Indian,All-rounder,"Right-hand bat, Off-spin",Right-hand,Offbreak,179,15,11,57,FALSE,29.83,100,179,0,1,11,13,24,13,1,249,0,7.4,FALSE,0,0,0,0,42.86,60,37.5,40,33.33,149.87,0,149.87,10.71,39.5,Low
Shaik Rasheed,CSK,Indian,Pure Batsman,Right-hand bat,Right-hand,NULL,71,5,5,27,FALSE,14.2,63,112.69,0,0,9,2,17.46,0,0,250,2,0,FALSE,0,0,0,0,56.25,57.14,55.56,71.43,50,35.53,187.16,222.69,17.82,68.26,Low
Shardul Thakur,LSG,Indian,All-rounder,"Right-hand bat, Right-arm Medium-fast",Right-hand,Right-arm medium,18,10,5,6,FALSE,6,12,150,0,0,3,0,25,11.02,13,251,0,4,FALSE,0,0,0,0,50,62.5,40,42.86,60,155.38,0,155.38,15.54,42.29,Low
Shashank Singh,PBKS,Indian,Pure Batsman,Right-hand bat,Right-hand,NULL,350,17,14,61,TRUE,50,228,153.5,0,3,23,18,17.98,0,0,252,1,0,FALSE,0,0,0,0,28.57,20,50,28.57,16.67,51.45,81.42,132.87,20.44,32.86,Low
Sherfane Rutherford,GT,Overseas,Pure Batsman,Left-hand bat,Left-hand,NULL,291,13,11,46,FALSE,32.33,185,157.29,0,0,22,18,21.62,0,0,253,0.3,0,FALSE,0,0,0,0,0,0,0,0,0,135.72,0,135.72,452.4,0,Low
Shimron Hetmyer,RR,Overseas,Pure Batsman,Left-hand bat,Left-hand,NULL,239,14,13,52,FALSE,21.73,164,145.73,0,1,17,11,17.07,0,0,254,0.3,8.5,FALSE,0,0,0,0,35.71,33.33,50,33.33,60,0,145.89,145.89,81.05,36.66,Low
Shivam Dube,CSK,Indian,All-rounder,"Left-hand bat, Medium",Left-hand,Right-arm medium,357,14,14,50,FALSE,32.45,270,132.22,0,1,22,21,15.93,0,0,255,0.3,12,FALSE,0,0,0,0,28.57,20,50,28.57,16.67,164.47,0,164.47,149.52,32.86,Mid
Shreyas Iyer,PBKS,Indian,Pure Batsman,Right-hand bat,Right-hand,NULL,604,17,17,97,TRUE,50.33,345,175.07,0,6,43,39,23.77,0,0,256,2,26.75,FALSE,0,0,0,0,35.71,33.33,50,33.33,60,104.09,0,104.09,4.38,36.66,High
Shubham Dubey,RR,Indian,Pure Batsman,Left-hand bat,Left-hand,NULL,106,9,8,34,TRUE,26.5,66,160.6,0,0,6,8,21.21,0,0,257,0.3,0,FALSE,0,0,0,0,56.25,57.14,55.56,71.43,50,0,59.01,59.01,196.71,68.26,Low
Shubman Gill,GT,Indian,Pure Batsman,Right-hand bat,Right-hand,NULL,650,15,15,93,TRUE,50,417,155.87,0,6,62,24,20.62,0,0,258,0.3,8,FALSE,0,0,0,0,28.57,37.5,16.67,16.67,42.86,115.96,0,115.96,96.64,16.67,Mid
Simarjeet Singh,SRH,Indian,Pure Bowler,Right-arm Medium-fast,Right-hand,Right-arm fast,3,4,3,3,TRUE,1.5,7,42.85,0,0,0,0,0,14.1,2,259,0.3,0,FALSE,0,0,0,0,50,62.5,40,42.86,60,124.36,98.96,223.32,446.65,42.29,Low
Spencer Johnson,KKR,Overseas,Pure Bowler,Left-arm Fast,Left-hand,Left-arm fast,2,4,2,1,TRUE,0,4,50,0,0,0,0,0,11.73,1,260,0,10,FALSE,0,0,0,0,68.75,85.71,62.5,40,100,192.81,0,192.81,9.18,44.5,Mid
Sunil Narine,KKR,Overseas,All-rounder,"Right-hand bat, Right-arm Off-spin",Right-hand,Offbreak,246,12,12,44,FALSE,22.36,144,170.83,0,0,25,19,30.56,7.8,12,261,2,12,FALSE,0,0,0,0,28.57,20,50,28.57,16.67,32.7,99.06,131.76,25.1,32.86,Mid
Surya Kumar Yadav,MI,Indian,Pure Batsman,Right-hand bat,Right-hand,NULL,717,16,16,73,TRUE,65.18,427,167.91,0,5,69,38,25.06,0,0,262,2,8,FALSE,0,0,0,0,60,55.56,66.67,57.14,71.43,123.03,25.77,148.79,46.5,59.05,High
Suryansh Shedge,PBKS,Indian,Pure Batsman,Right-hand bat,Right-hand,NULL,7,5,3,4,FALSE,2.33,11,63.63,0,0,0,0,0,0,0,263,0.75,0,FALSE,0,0,0,0,0,0,0,0,0,50.8,0,50.8,67.74,0,Low
Suyash Sharma,RCB,Indian,Pure Bowler,Leg-spin,Right-hand,Legbreak,0,14,0,0,FALSE,0,0,0,0,0,0,0,0,8.84,8,264,2,0,FALSE,0,0,0,0,56.25,57.14,55.56,71.43,50,114.33,59.67,174,33.14,68.26,Low
Tim David,RCB,Overseas,Pure Batsman,Right-hand bat,Right-hand,NULL,187,12,9,50,FALSE,62.33,101,185.14,0,1,16,14,29.7,0,0,265,0.75,8.25,FALSE,0,0,0,0,58.82,71.43,55.56,50,83.33,48.77,26.42,75.18,93.98,51.11,Low
Travis Head,SRH,Overseas,All-rounder,"Left-hand bat, Off-spin",Left-hand,Offbreak,374,13,12,76,FALSE,31.17,230,162.6,0,3,50,15,28.26,0,0,266,0,6.8,FALSE,0,0,0,0,68.75,85.71,62.5,40,100,27.4,114.43,141.83,28.37,44.5,Low
Trent Boult,MI,Overseas,Pure Bowler,Left-arm Fast,Right-hand,Left-arm fast,2,16,2,1,TRUE,2,3,66.66,0,0,0,0,0,8.96,22,267,0.4,8,FALSE,0,0,0,0,58.82,71.43,55.56,50,83.33,0,16.23,16.23,10.14,51.11,Mid
Tristan Stubbs,DC,Overseas,Pure Batsman,"Right-hand bat, Wicket-keeper",Right-hand,NULL,300,14,13,41,FALSE,50,199,150.75,0,0,25,11,18.09,0,0,268,0,9.2,TRUE,3,1,4,4,28.57,20,50,28.57,16.67,178.75,0,178.75,9.93,32.86,Low
Tushar Deshpande,RR,Indian,Pure Bowler,Right-arm Medium-fast,Right-hand,Right-arm medium,7,10,4,3,FALSE,7,8,87.5,0,0,0,0,0,10.62,9,269,2,6.5,FALSE,0,0,0,0,58.82,71.43,55.56,50,83.33,0,138.47,138.47,7.69,51.11,Low
Urvil Patel,CSK,Indian,Pure Batsman,"Right-hand bat, Wicket-keeper",Right-hand,NULL,68,3,3,37,FALSE,22.67,32,212.5,0,0,5,6,34.38,0,0,270,0.3,0,FALSE,0,0,0,0,42.86,60,37.5,40,33.33,0,58.16,58.16,145.41,39.5,Low
V Satyanarayana Penmetsa,MI,Indian,All-rounder,Leg-spin,Right-hand,Right-arm medium,1,2,1,1,TRUE,0,1,100,0,0,0,0,0,13.25,1,271,16.35,0,FALSE,0,0,0,0,56.25,57.14,55.56,71.43,50,0,0,0,0,68.26,Low
Vaibhav Arora,KKR,Indian,Pure Bowler,Right-arm Medium-fast,Right-hand,Right-arm fast,0,12,0,0,FALSE,0,0,0,0,0,0,0,0,10.11,17,272,8,0,FALSE,0,0,0,0,56.25,57.14,55.56,71.43,50,0,0,0,0,68.26,Low
Vaibhav Suryavanshi,RR,Indian,Pure Batsman,Right-hand bat,Left-hand,NULL,252,7,7,101,FALSE,36,122,206.55,1,1,18,24,34.43,0,,273,12,0,FALSE,0,0,0,0,35.71,33.33,50,33.33,60,0,0,0,0,36.66,Low
Varun Chakaravarthy,KKR,Indian,Pure Bowler,Right-arm Mystery Spin,Right-hand,Mystery spin,1,13,1,1,TRUE,0,1,100,0,0,0,0,0,7.66,17,274,4,8,FALSE,0,0,0,0,60,55.56,66.67,57.14,71.43,0,0,0,0,59.05,Low
Venkatesh Iyer,KKR,Indian,All-rounder,"Left-hand bat, Medium-fast",Left-hand,Right-arm medium,142,11,7,60,FALSE,20.29,102,139.21,0,1,15,4,18.63,0,0,275,4,23.75,FALSE,0,0,0,0,42.86,50,40,28.57,57.14,0,0,0,0,30.86,High
Vignesh Puthur,MI,Indian,Pure Bowler,Right-arm Medium,Left-hand,Left-arm fast,0,5,0,0,FALSE,0,0,0,0,0,0,0,0,9.08,6,276,14,0,FALSE,0,0,0,0,50,62.5,40,42.86,60,0,0,0,0,42.29,Low
Vijay Shankar,CSK,Indian,All-rounder,"Right-hand bat, Right-arm Medium",Right-hand,Right-arm medium,118,6,5,69,FALSE,39.33,91,129.67,0,1,8,3,12.09,0,0,277,10,1.4,FALSE,0,0,0,0,42.86,60,37.5,40,33.33,0,0,0,0,39.5,Low
Vipraj Nigam,DC,Indian,All-rounder,"Right-hand bat, Leg-spin",Right-hand,Offbreak,142,14,8,39,FALSE,20.29,79,179.74,0,0,15,8,29.11,9.12,11,278,6.25,0,FALSE,0,0,0,0,50,62.5,40,42.86,60,0,0,0,0,42.29,Low
Virat Kohli,RCB,Indian,Pure Batsman,Right-hand bat,Right-hand,NULL,657,15,15,73,TRUE,54.75,454,144.71,0,8,66,19,18.72,0,0,279,9,15,FALSE,0,0,0,0,50,62.5,40,42.86,60,0,0,0,0,42.29,High
Vyshak Vijaykumar,PBKS,Indian,Pure Bowler,Right-arm Medium-fast,Right-hand,Right-arm fast,0,5,0,0,FALSE,0,0,0,0,0,0,0,0,10.64,4,280,0.2,0,FALSE,0,0,0,0,0,0,0,0,0,0,0,0,0,0,Low
Wanindu Hasaranga,RR,Overseas,All-rounder,"Right-hand bat, Right-arm Leg-spin",Right-hand,Legbreak,9,11,5,4,FALSE,1.8,15,60,0,0,0,0,0,9.04,11,281,3.6,5.25,FALSE,0,0,0,0,35.71,33.33,50,33.33,60,0,0,0,0,36.66,Low
Washington Sundar,GT,Indian,All-rounder,"Right-hand bat, Right-arm Off-spin",Left-hand,Offbreak,133,6,5,49,FALSE,26.6,80,166.25,0,0,10,7,21.25,10.24,2,282,10.75,8.75,FALSE,0,0,0,0,50,62.5,40,42.86,60,0,0,0,0,42.29,Low
Wiaan Mulder,SRH,Overseas,All-rounder,"Right-hand bat, Right-arm Medium-fast",Right-hand,Right-arm medium,9,1,1,9,FALSE,9,11,81.81,0,0,1,0,9.09,0,0,283,3.2,0,FALSE,0,0,0,0,42.86,60,37.5,40,33.33,0,0,0,0,39.5,Low
Will Jacks,MI,Overseas,All-rounder,"Right-hand bat, Off-spin",Right-hand,Offbreak,233,13,11,53,FALSE,23.3,172,135.46,0,1,22,11,19.19,8.57,6,284,0.2,10,FALSE,0,0,0,0,0,0,0,0,0,0,0,0,0,0,Mid
William O Rourke,LSG,Overseas,Pure Bowler,Right-arm Fast,Right-hand,Right-arm fast,0,3,0,0,FALSE,0,0,0,0,0,0,0,0,12.77,6,285,0.2,0,FALSE,0,0,0,0,0,0,0,0,0,0,0,0,0,0,Low
Xavier Bartlett,PBKS,Overseas,Pure Bowler,Right-arm Fast-medium,Right-hand,Right-arm fast,11,4,1,0,FALSE,11,15,73.33,0,0,1,0,6.67,9.6,2,286,0.2,2.8,FALSE,0,0,0,0,0,0,0,0,0,0,0,0,0,0,Low
Yash Dayal,RCB,Indian,Pure Bowler,Left-arm Fast-medium,Left-hand,Left-arm fast,4,15,3,3,FALSE,2,8,50,0,0,0,0,0,9.59,13,287,1.7,5,FALSE,0,0,0,0,60,55.56,66.67,57.14,71.43,0,0,0,0,59.05,Low
Yash Thakur,PBKS,Indian,Pure Bowler,Right-arm Medium-fast,NULL,Right-arm medium,0,2,0,0,FALSE,0,0,0,0,0,0,0,0,12.15,1,288,0.3,0,FALSE,0,0,0,0,60,55.56,66.67,57.14,71.43,0,0,0,0,59.05,Low
Yashasvi Jaiswal,RR,Indian,Pure Batsman,Left-hand bat,Left-hand,NULL,559,14,14,75,FALSE,43,350,159.71,0,6,60,28,25.14,0,0,289,0.2,18,FALSE,0,0,0,0,0,0,0,0,0,0,0,0,0,0,Mid
Yudhvir Singh Charak,RR,Indian,Pure Bowler,Right-arm Fast,NULL,Right-arm fast,0,4,0,0,FALSE,0,0,0,0,0,0,0,0,11.9,4,290,0.3,0,FALSE,0,0,0,0,42.86,50,40,28.57,57.14,0,0,0,0,30.86,Low
Yuzvendra Chahal,PBKS,Indian,Pure Bowler,Right-arm Leg-spin,NULL,Legbreak,0,14,0,0,FALSE,0,0,0,0,0,0,0,0,9.55,16,291,0.65,6.5,FALSE,0,0,0,0,60,55.56,66.67,57.14,71.43,0,0,0,0,59.05,Low
Zeeshan Ansari,SRH,Indian,Pure Bowler,Leg-spin,NULL,Legbreak,0,10,0,0,FALSE,0,0,0,0,0,0,0,0,9.84,6,292,0.3,0,FALSE,0,0,0,0,60,55.56,66.67,57.14,71.43,0,0,0,0,59.05,Low